file,location_name,energy_plus_location_name,country,state_province_region,city,hdd10,hdd18,cdd10,cdd18,latitude,longitude,elevation, deltaDB, climate_zone, cz_standard, summer_wet_months, winter_dry_months,autumn_months, spring_months, typical_summer_wet_week, typical_winter_dry_week, typical_autumn_week, typical_spring_week, heating_design_info[1],cooling_design_info[1],extremes_design_info[1]
CAN_AB_Calgary.718770_CWEC.epw, CAN-AB-Calgary Int'l,Calgary Int'l_AB_CAN,CAN, AB, Calgary Int'l, 2655.0, 5086.0,648.0,37.0,51.12, -114.02, 1084.0, 25.0 ,7,90.1-2004 and 90.2-2004 Climate Zone,Jun:Aug, Dec:Feb,Sep:Nov, Mar:May, 2000-08-24, 2000-12-22, 2000-10-13, 2000-04-19,-29.1,12.3,10.5
CAN_AB_Edmonton.711230_CWEC.epw, CAN-AB-Edmonton Stony Plain,Edmonton Stony Plain_AB_CAN,CAN, AB, Edmonton Stony Plain, 3281.0, 5755.0,591.0,23.0,53.53, -114.1, 723.0, 27.5 ,7,90.1-2004 and 90.2-2004 Climate Zone,Jun:Aug, Dec:Feb,Sep:Nov, Mar:May, 2000-07-20, 2000-02-17, 2000-10-13, 2000-04-12,-32.5,12,8.9
CAN_AB_Fort.McMurray.719320_CWEC.epw, CAN-AB-Fort McMurray,Fort McMurray_AB_CAN,CAN, AB, Fort McMurray, 3939.0, 6384.0,642.0,47.0,56.65, -111.22, 369.0, 33.5 ,7,90.1-2004 and 90.2-2004 Climate Zone,May:Jul, Nov:Jan,Aug:Oct, Feb:Apr, 2000-06-05, 2000-11-29, 2000-09-12, 2000-03-15,-36.8,12.1,7.3
CAN_AB_Grande.Prairie.719400_CWEC.epw, CAN-AB-Grand Prairie,Grand Prairie_AB_CAN,CAN, AB, Grand Prairie, 3421.0, 5886.0,599.0,24.0,55.18, -118.88, 669.0, 28.9 ,7,90.1-2004 and 90.2-2004 Climate Zone,Jun:Aug, Dec:Feb,Sep:Nov, Mar:May, 2000-08-17, 2000-02-17, 2000-10-13, 2000-04-05,-36.4,11.6,9.6
CAN_AB_Lethbridge.712430_CWEC.epw, CAN-AB-Lethbridge,Lethbridge_AB_CAN,CAN, AB, Lethbridge, 2292.0, 4508.0,942.0,117.0,49.63, -112.8, 921.0, 26.5 ,6B,90.1-2004 and 90.2-2004 Climate Zone,Jun:Aug, Dec:Feb,Sep:Nov, Mar:May, 2000-07-27, 2000-02-10, 2000-10-13, 2000-04-19,-28.3,14.4,11.8
CAN_AB_Medicine.Hat.718720_CWEC.epw, CAN-AB-Medicine Hat,Medicine Hat_AB_CAN,CAN, AB, Medicine Hat, 2529.0, 4693.0,1047.0,168.0,50.02, -110.72, 716.0, 31.6 ,6B,90.1-2004 and 90.2-2004 Climate Zone,Jul:Sep, Jan:Mar,Oct:Dec, Apr:Jun, 2000-07-08, 2000-02-05, 2000-12-17, 2000-04-29,-31.2,13.9,9.6
CAN_BC_Abbotsford.711080_CWEC.epw, CAN-BC-Abbotsford,Abbotsford_BC_CAN,CAN, BC, Abbotsford, 855.0, 2963.0,1001.0,67.0,49.03, -122.37, 58.0, 14.3 ,5C,90.1-2004 and 90.2-2004 Climate Zone,Jul:Sep, Jan:Mar,Oct:Dec, Apr:Jun, 2000-07-08, 2000-01-08, 2000-10-29, 2000-04-29,-8.6,11.1,7.4
CAN_BC_Comox.718930_CWEC.epw, CAN-BC-Comox,Comox_BC_CAN,CAN, BC, Comox, 901.0, 3097.0,894.0,49.0,49.72, -124.9, 24.0, 15.200000000000001 ,5C,90.1-2004 and 90.2-2004 Climate Zone,Jun:Aug, Dec:Feb,Sep:Nov, Mar:May, 2000-07-06, 2000-01-20, 2000-10-06, 2000-04-19,-5.4,8.5,11.5
CAN_BC_Cranbrook.718800_CWEC.epw, CAN-BC-Cranbrook,Cranbrook_BC_CAN,CAN, BC, Cranbrook, 2294.0, 4579.0,873.0,117.0,49.6, -115.78, 940.0, 26.6 ,6A,90.1-2004 and 90.2-2004 Climate Zone,Jul:Sep, Jan:Mar,Oct:Dec, Apr:Jun, 2000-09-02, 2000-02-26, 2000-12-03, 2000-05-13,-24.4,13.9,7.7
CAN_BC_Fort.St.John.719430_CWEC.epw, CAN-BC-Fort St John,Fort St John_BC_CAN,CAN, BC, Fort St John, 3386.0, 5878.0,571.0,23.0,56.23, -120.73, 695.0, 29.1 ,7,90.1-2004 and 90.2-2004 Climate Zone,Jun:Aug, Dec:Feb,Sep:Nov, Mar:May, 2000-08-17, 2000-01-13, 2000-10-27, 2000-03-29,-33.0,10,9.3
CAN_BC_Kamloops.718870_CWEC.epw, CAN-BC-Kamloops,Kamloops_BC_CAN,CAN, BC, Kamloops, 1585.0, 3567.0,1315.0,256.0,50.7, -120.45, 346.0, 25.6 ,5B,90.1-2004 and 90.2-2004 Climate Zone,Jul:Sep, Jan:Mar,Oct:Dec, Apr:Jun, 2000-08-12, 2000-02-26, 2000-11-19, 2000-05-27,-20.8,13.4,8.6
CAN_BC_Port.Hardy.711090_CWEC.epw, CAN-BC-Port Hardy,Port Hardy_BC_CAN,CAN, BC, Port Hardy, 976.0, 3581.0,437.0,0.0,50.68, -127.37, 22.0, 10.8 ,5C,90.1-2004 and 90.2-2004 Climate Zone,Jul:Sep, Jan:Mar,Oct:Dec, Apr:Jun, 2000-08-19, 2000-03-12, 2000-12-03, 2000-05-13,-4.7,6.6,9.8
CAN_BC_Prince.George.718960_CWEC.epw, CAN-BC-Prince George,Prince George_BC_CAN,CAN, BC, Prince George, 2618.0, 5142.0,538.0,19.0,53.88, -122.68, 691.0, 26.0 ,7,90.1-2004 and 90.2-2004 Climate Zone,Jun:Aug, Dec:Feb,Sep:Nov, Mar:May, 2000-08-17, 2000-02-03, 2000-09-29, 2000-04-19,-31.0,12.3,8.2
CAN_BC_Prince.Rupert.718980_CWEC.epw, CAN-BC-Prince Rupert,Prince Rupert_BC_CAN,CAN, BC, Prince Rupert, 1256.0, 3944.0,354.0,1.0,54.3, -130.43, 34.0, 13.5 ,6A,90.1-2004 and 90.2-2004 Climate Zone,Jul:Sep, Jan:Mar,Oct:Dec, Apr:Jun, 2000-07-22, 2000-01-01, 2000-12-03, 2000-05-06,-11.5,5.4,9.5
CAN_BC_Sandspit.711010_CWEC.epw, CAN-BC-Sandspit,Sandspit_BC_CAN,CAN, BC, Sandspit, 996.0, 3562.0,477.0,2.0,53.25, -131.82, 6.0, 13.1 ,5C,90.1-2004 and 90.2-2004 Climate Zone,Jul:Sep, Jan:Mar,Oct:Dec, Apr:Jun, 2000-07-22, 2000-02-05, 2000-12-17, 2000-05-13,-4.6,4.7,15.4
CAN_BC_Smithers.719500_CWEC.epw, CAN-BC-Smithers,Smithers_BC_CAN,CAN, BC, Smithers, 2572.0, 5167.0,459.0,13.0,54.82, -127.18, 523.0, 24.200000000000003 ,7,90.1-2004 and 90.2-2004 Climate Zone,Jun:Aug, Dec:Feb,Sep:Nov, Mar:May, 2000-08-17, 2000-01-06, 2000-10-27, 2000-04-12,-27.5,11.7,6.1
CAN_BC_Summerland.717680_CWEC.epw, CAN-BC-Summerland,Summerland_BC_CAN,CAN, BC, Summerland, 1462.0, 3486.0,1272.0,254.0,49.57, -119.65, 479.0, 21.8 ,5A,90.1-2004 and 90.2-2004 Climate Zone,Jun:Aug, Dec:Feb,Sep:Nov, Mar:May, 2000-07-06, 2000-01-13, 2000-10-06, 2000-04-05,-14.5,13.5,6.7
CAN_BC_Vancouver.718920_CWEC.epw, CAN-BC-Vancouver Int'l,Vancouver Int'l_BC_CAN,CAN, BC, Vancouver Int'l, 801.0, 2932.0,951.0,41.0,49.18, -123.17, 2.0, 13.900000000000002 ,5C,90.1-2004 and 90.2-2004 Climate Zone,Jul:Sep, Jan:Mar,Oct:Dec, Apr:Jun, 2000-09-09, 2000-03-19, 2000-10-29, 2000-04-29,-7.0,7.6,8.8
CAN_BC_Victoria.717990_CWEC.epw, CAN-BC-Victoria Int'l,Victoria Int'l_BC_CAN,CAN, BC, Victoria Int'l, 779.0, 3022.0,821.0,22.0,48.65, -123.43, 19.0, 12.3 ,5C,90.1-2004 and 90.2-2004 Climate Zone,Jul:Sep, Jan:Mar,Oct:Dec, Apr:Jun, 2000-09-02, 2000-02-12, 2000-12-03, 2000-05-13,-4.7,10,7.2
CAN_MB_Brandon.711400_CWEC.epw, CAN-MB-Brandon,Brandon_MB_CAN,CAN, MB, Brandon, 3672.0, 5963.0,860.0,109.0,49.92, -99.95, 409.0, 36.7 ,7,90.1-2004 and 90.2-2004 Climate Zone,Jun:Aug, Dec:Feb,Sep:Nov, Mar:May, 2000-08-03, 2000-01-20, 2000-10-06, 2000-04-12,-33.5,12.5,9.7
CAN_MB_Churchill.719130_CWEC.epw, CAN-MB-Churchill,Churchill_MB_CAN,CAN, MB, Churchill, 6257.0, 9075.0,237.0,15.0,58.75, -94.07, 29.0, 37.7 ,8,90.1-2004 and 90.2-2004 Climate Zone,Jun:Aug, Dec:Feb,Sep:Nov, Mar:May, 2000-07-06, 2000-12-22, 2000-10-20, 2000-04-12,-38.1,9.9,13
CAN_MB_The.Pas.718670_CWEC.epw, CAN-MB-The Pas,The Pas_MB_CAN,CAN, MB, The Pas, 4185.0, 6572.0,738.0,82.0,53.97, -101.1, 271.0, 37.9 ,7,90.1-2004 and 90.2-2004 Climate Zone,Jun:Aug, Dec:Feb,Sep:Nov, Mar:May, 2000-06-15, 2000-12-08, 2000-10-27, 2000-04-12,-35.0,10.4,9.4
CAN_MB_Winnipeg.718520_CWEC.epw, CAN-MB-Winnipeg Int'l,Winnipeg Int'l_MB_CAN,CAN, MB, Winnipeg Int'l, 3552.0, 5750.0,1011.0,168.0,49.9, -97.23, 239.0, 37.8 ,7,90.1-2004 and 90.2-2004 Climate Zone,Jul:Sep, Jan:Mar,Oct:Dec, Apr:Jun, 2000-07-29, 2000-03-12, 2000-11-12, 2000-05-13,-32.2,11.4,11
CAN_NB_Fredericton.717000_CWEC.epw, CAN-NB-Fredericton,Fredericton_NB_CAN,CAN, NB, Fredericton, 2497.0, 4692.0,979.0,132.0,45.87, -66.53, 20.0, 29.5 ,6A,90.1-2004 and 90.2-2004 Climate Zone,Jun:Aug, Dec:Feb,Sep:Nov, Mar:May, 2000-08-17, 2000-12-15, 2000-10-06, 2000-04-05,-23.6,11.2,8.6
CAN_NB_Miramichi.717440_CWEC.epw, CAN-NB-Miramichi,Miramichi_NB_CAN,CAN, NB, Miramichi, 2579.0, 4772.0,1002.0,153.0,47.02, -65.45, 33.0, 29.6 ,6A,90.1-2004 and 90.2-2004 Climate Zone,Jun:Aug, Dec:Feb,Sep:Nov, Mar:May, 2000-08-17, 2000-02-17, 2000-10-06, 2000-04-19,-24.1,11,9.8
CAN_NB_Saint.John.716090_CWEC.epw, CAN-NB-Saint John,Saint John_NB_CAN,CAN, NB, Saint John, 2419.0, 4771.0,719.0,29.0,45.32, -65.88, 109.0, 23.799999999999997 ,6A,90.1-2004 and 90.2-2004 Climate Zone,Jul:Sep, Jan:Mar,Oct:Dec, Apr:Jun, 2000-08-19, 2000-01-22, 2000-11-19, 2000-04-29,-22.4,9.7,10.3
CAN_NF_Battle.Harbour.718170_CWEC.epw, CAN-NF-Battle Harbour,Battle Harbour_NF_CAN,CAN, NF, Battle Harbour, 3437.0, 6151.0,348.0,19.0,52.3, -55.83, 8.0, 21.6 ,7,196-2006 Climate Zone,Jun:Aug, Dec:Feb,Sep:Nov, Mar:May, 2000-07-06, 2000-02-03, 2000-10-13, 2000-04-12,-25.6,8.7,12
CAN_NF_Gander.718030_CWEC.epw, CAN-NF-Gander Int'l,Gander Int'l_NF_CAN,CAN, NF, Gander Int'l, 2687.0, 5187.0,582.0,41.0,48.95, -54.57, 151.0, 22.6 ,7,90.1-2004 and 90.2-2004 Climate Zone,Jun:Aug, Dec:Feb,Sep:Nov, Mar:May, 2000-07-20, 2000-02-10, 2000-10-13, 2000-04-26,-19.7,8.8,12.3
CAN_NF_Goose.718160_CWEC.epw, CAN-NF-Goose,Goose_NF_CAN,CAN, NF, Goose, 4112.0, 6719.0,475.0,42.0,53.32, -60.37, 49.0, 33.0 ,7,90.1-2004 and 90.2-2004 Climate Zone,Jun:Aug, Dec:Feb,Sep:Nov, Mar:May, 2000-08-03, 2000-01-27, 2000-09-29, 2000-04-12,-30.2,9.8,10
CAN_NF_St.Johns.718010_CWEC.epw, CAN-NF-St John's,St John's_NF_CAN,CAN, NF, St John's, 2381.0, 4907.0,543.0,28.0,47.62, -52.73, 140.0, 20.5 ,6A,90.1-2004 and 90.2-2004 Climate Zone,Jun:Aug, Dec:Feb,Sep:Nov, Mar:May, 2000-06-15, 2000-02-17, 2000-10-20, 2000-05-03,-15.7,7.8,13.7
CAN_NF_Stephenville.718150_CWEC.epw, CAN-NF-Stephenville,Stephenville_NF_CAN,CAN, NF, Stephenville, 2432.0, 4889.0,606.0,21.0,48.53, -58.55, 26.0, 23.099999999999998 ,6A,90.1-2004 and 90.2-2004 Climate Zone,Jul:Sep, Jan:Mar,Oct:Dec, Apr:Jun, 2000-08-26, 2000-03-19, 2000-11-05, 2000-05-27,-18.7,6.6,12.5
CAN_NS_Greenwood.713970_CWEC.epw, CAN-NS-Greenwood,Greenwood_NS_CAN,CAN, NS, Greenwood, 2038.0, 4188.0,1030.0,139.0,44.98, -64.92, 28.0, 23.8 ,6A,90.1-2004 and 90.2-2004 Climate Zone,Jun:Aug, Dec:Feb,Sep:Nov, Mar:May, 2000-08-24, 2000-12-22, 2000-09-29, 2000-04-05,-18.3,10.8,10.7
CAN_NS_Sable.Island.716000_CWEC.epw, CAN-NS-Sable Island,Sable Island_NS_CAN,CAN, NS, Sable Island, 1528.0, 3862.0,731.0,23.0,43.93, -60.02, 4.0, 18.299999999999997 ,5A,90.1-2004 and 90.2-2004 Climate Zone,Jul:Sep, Jan:Mar,Oct:Dec, Apr:Jun, 2000-07-15, 2000-02-12, 2000-11-26, 2000-05-20,-9.6,4.5,15.5
CAN_NS_Shearwater.716010_CWEC.epw, CAN-NS-Shearwater,Shearwater_NS_CAN,CAN, NS, Shearwater, 1989.0, 4237.0,858.0,64.0,44.63, -63.5, 51.0, 22.0 ,6A,90.1-2004 and 90.2-2004 Climate Zone,Jun:Aug, Dec:Feb,Sep:Nov, Mar:May, 2000-08-17, 2000-01-13, 2000-10-13, 2000-04-05,-17.0,7.3,10.3
CAN_NS_Sydney.717070_CWEC.epw, CAN-NS-Sydney,Sydney_NS_CAN,CAN, NS, Sydney, 2284.0, 4627.0,774.0,75.0,46.17, -60.05, 62.0, 24.0 ,6A,90.1-2004 and 90.2-2004 Climate Zone,Jul:Sep, Jan:Mar,Oct:Dec, Apr:Jun, 2000-07-01, 2000-03-12, 2000-12-10, 2000-05-06,-18.0,8.8,11
CAN_NS_Truro.713980_CWEC.epw, CAN-NS-Truro,Truro_NS_CAN,CAN, NS, Truro, 2122.0, 4330.0,937.0,103.0,45.37, -63.27, 40.0, 25.2 ,6A,196-2006 Climate Zone,Jun:Aug, Dec:Feb,Sep:Nov, Mar:May, 2000-06-15, 2000-12-22, 2000-10-20, 2000-04-12,-18.4,9,10.6
CAN_NT_Inuvik.719570_CWEC.epw, CAN-NT-Inuvik Ua,Inuvik Ua_NT_CAN,CAN, NT, Inuvik Ua, 6943.0, 9679.0,328.0,21.0,68.3, -133.48, 68.0, 40.6 ,8,90.1-2004 and 90.2-2004 Climate Zone,Jun:Aug, Dec:Feb,Sep:Nov, Mar:May, 2000-08-17, 2000-12-15, 2000-10-13, 2000-04-12,-43.0,9.9,6.9
CAN_NU_Resolute.719240_CWEC.epw, CAN-NU-Resolute,Resolute_NU_CAN,CAN, NU, Resolute, 9430.0, 12471.0,1.0,0.0,74.72, -94.98, 67.0, 35.900000000000006 ,8,90.1-2004 and 90.2-2004 Climate Zone,Jun:Aug, Dec:Feb,Sep:Nov, Mar:May, 2000-07-20, 2000-01-20, 2000-10-13, 2000-03-22,-42.5,4.7,14.2
CAN_ON_Kingston.716200_CWEC.epw, CAN-ON-Kingston,Kingston_ON_CAN,CAN, ON, Kingston, 2105.0, 4142.0,1218.0,211.0,44.22, -76.6, 93.0, 27.700000000000003 ,6A,196-2006 Climate Zone,Jun:Aug, Dec:Feb,Sep:Nov, Mar:May, 2000-07-06, 2000-02-17, 2000-10-06, 2000-04-12,-21.4,9.7,9.2
CAN_ON_London.716230_CWEC.epw, CAN-ON-London,London_ON_CAN,CAN, ON, London, 1983.0, 3984.0,1273.0,233.0,43.03, -81.15, 278.0, 27.9 ,6A,90.1-2004 and 90.2-2004 Climate Zone,Jun:Aug, Dec:Feb,Sep:Nov, Mar:May, 2000-08-24, 2000-12-22, 2000-10-13, 2000-03-22,-18.3,10.2,9.5
CAN_ON_Mount.Forest.716310_CWEC.epw, CAN-ON-Mount Forest,Mount Forest_ON_CAN,CAN, ON, Mount Forest, 2383.0, 4555.0,1010.0,140.0,43.98, -80.75, 415.0, 27.7 ,6A,90.1-2004 and 90.2-2004 Climate Zone,Jun:Aug, Dec:Feb,Sep:Nov, Mar:May, 2000-06-22, 2000-12-15, 2000-10-06, 2000-04-05,-21.2,10.2,7.4
CAN_ON_Muskoka.716300_CWEC.epw, CAN-ON-Muskoka,Muskoka_ON_CAN,CAN, ON, Muskoka, 2298.0, 4361.0,1190.0,212.0,44.97, -79.3, 282.0, 29.3 ,6A,196-2006 Climate Zone,Jun:Aug, Dec:Feb,Sep:Nov, Mar:May, 2000-06-22, 2000-12-15, 2000-10-13, 2000-04-19,-23.8,9.7,5.4
CAN_ON_North.Bay.717310_CWEC.epw, CAN-ON-North Bay,North Bay_ON_CAN,CAN, ON, North Bay, 3007.0, 5243.0,926.0,118.0,46.35, -79.43, 371.0, 32.2 ,7,90.1-2004 and 90.2-2004 Climate Zone,May:Jul, Nov:Jan,Aug:Oct, Feb:Apr, 2000-07-03, 2000-12-06, 2000-09-05, 2000-02-15,-27.8,9.3,8.4
CAN_ON_Ottawa.716280_CWEC.epw, CAN-ON-Ottawa Int'l,Ottawa Int'l_ON_CAN,CAN, ON, Ottawa Int'l, 2517.0, 4563.0,1233.0,236.0,45.32, -75.67, 114.0, 31.8 ,6A,90.1-2004 and 90.2-2004 Climate Zone,Jun:Aug, Dec:Feb,Sep:Nov, Mar:May, 2000-06-29, 2000-01-20, 2000-10-13, 2000-04-19,-24.5,10.1,8.8
CAN_ON_Sault.Ste.Marie.712600_CWEC.epw, CAN-ON-Sault Ste Marie,Sault Ste Marie_ON_CAN,CAN, ON, Sault Ste Marie, 2703.0, 4994.0,841.0,91.0,46.48, -84.52, 192.0, 28.299999999999997 ,6A,90.1-2004 and 90.2-2004 Climate Zone,Jul:Sep, Jan:Mar,Oct:Dec, Apr:Jun, 2000-07-08, 2000-03-05, 2000-11-05, 2000-04-29,-25.1,11.4,9.5
CAN_ON_Simcoe.715270_CWEC.epw, CAN-ON-Simcoe,Simcoe_ON_CAN,CAN, ON, Simcoe, 1915.0, 3896.0,1300.0,240.0,42.85, -80.27, 241.0, 26.400000000000002 ,6A,196-2006 Climate Zone,Jun:Aug, Dec:Feb,Sep:Nov, Mar:May, 2000-08-17, 2000-12-15, 2000-10-13, 2000-04-26,-18.5,11.7,6.6
CAN_ON_Thunder.Bay.717490_CWEC.epw, CAN-ON-Thunder Bay,Thunder Bay_ON_CAN,CAN, ON, Thunder Bay, 3256.0, 5633.0,733.0,69.0,48.37, -89.32, 199.0, 33.8 ,7,90.1-2004 and 90.2-2004 Climate Zone,Jun:Aug, Dec:Feb,Sep:Nov, Mar:May, 2000-08-17, 2000-01-27, 2000-10-20, 2000-03-29,-30.0,12.2,8.6
CAN_ON_Timmins.717390_CWEC.epw, CAN-ON-Timmins,Timmins_ON_CAN,CAN, ON, Timmins, 3704.0, 6099.0,730.0,84.0,48.57, -81.37, 295.0, 33.8 ,7,90.1-2004 and 90.2-2004 Climate Zone,Jun:Aug, Dec:Feb,Sep:Nov, Mar:May, 2000-08-03, 2000-02-03, 2000-10-06, 2000-04-19,-33.7,12.5,7.9
CAN_ON_Toronto.716240_CWEC.epw, CAN-ON-Toronto Int'l,Toronto Int'l_ON_CAN,CAN, ON, Toronto Int'l, 1954.0, 3956.0,1316.0,276.0,43.67, -79.63, 173.0, 26.6 ,6A,90.1-2004 and 90.2-2004 Climate Zone,Jul:Sep, Jan:Mar,Oct:Dec, Apr:Jun, 2000-08-19, 2000-02-12, 2000-10-22, 2000-05-06,-18.8,10.2,10.3
CAN_ON_Trenton.716210_CWEC.epw, CAN-ON-Trenton,Trenton_ON_CAN,CAN, ON, Trenton, 2129.0, 4181.0,1194.0,204.0,44.12, -77.53, 86.0, 27.700000000000003 ,6A,90.1-2004 and 90.2-2004 Climate Zone,Jun:Aug, Dec:Feb,Sep:Nov, Mar:May, 2000-08-17, 2000-01-13, 2000-10-20, 2000-03-29,-21.8,9.9,9.3
CAN_ON_Windsor.715380_CWEC.epw, CAN-ON-Windsor,Windsor_ON_CAN,CAN, ON, Windsor, 1644.0, 3482.0,1622.0,418.0,42.27, -82.97, 190.0, 27.1 ,5A,90.1-2004 and 90.2-2004 Climate Zone,Jun:Aug, Dec:Feb,Sep:Nov, Mar:May, 2000-07-27, 2000-02-17, 2000-10-13, 2000-03-22,-16.4,9.3,10
CAN_PE_Charlottetown.717060_CWEC.epw, CAN-PE-Charlottetown CDA,Charlottetown CDA_PE_CAN,CAN, PE, Charlottetown CDA, 2438.0, 4703.0,873.0,94.0,46.28, -63.13, 54.0, 25.6 ,6A,90.1-2004 and 90.2-2004 Climate Zone,Jun:Aug, Dec:Feb,Sep:Nov, Mar:May, 2000-06-22, 2000-12-22, 2000-10-13, 2000-05-03,-20.5,8.3,10
CAN_PQ_Bagotville.717270_CWEC.epw, CAN-PQ-Bagotville,Bagotville_PQ_CAN,CAN, PQ, Bagotville, 3424.0, 5758.0,803.0,95.0,48.33, -71.0, 159.0, 32.400000000000006 ,7,90.1-2004 and 90.2-2004 Climate Zone,Jun:Aug, Dec:Feb,Sep:Nov, Mar:May, 2000-06-29, 2000-02-10, 2000-10-13, 2000-03-15,-30.1,10.5,10.4
CAN_PQ_Baie.Comeau.711870_CWEC.epw, CAN-PQ-Baie Comeau,Baie Comeau_PQ_CAN,CAN, PQ, Baie Comeau, 3419.0, 6012.0,458.0,9.0,49.13, -68.2, 22.0, 29.8 ,7,90.1-2004 and 90.2-2004 Climate Zone,Jun:Aug, Dec:Feb,Sep:Nov, Mar:May, 2000-08-17, 2000-02-10, 2000-10-06, 2000-04-26,-27.6,9.2,10
CAN_PQ_Grindstone.Island_CWEC.epw, CAN-PQ-Grindstone Island,Grindstone Island_PQ_CAN,CAN, PQ, Grindstone Island, 2283.0, 4630.0,745.0,52.0,47.38, -61.87, 59.0, 23.8 ,6A,196-2006 Climate Zone,Jul:Sep, Jan:Mar,Oct:Dec, Apr:Jun, 2000-08-19, 2000-02-26, 2000-10-22, 2000-05-20,-16.3,5.3,14.2
CAN_PQ_Kuujjuarapik.719050_CWEC.epw, CAN-PQ-Kuujjuarapik,Kuujjuarapik_PQ_CAN,CAN, PQ, Kuujjuarapik, 5233.0, 8061.0,231.0,18.0,55.28, -77.77, 12.0, 32.0 ,8,90.1-2004 and 90.2-2004 Climate Zone,Jun:Aug, Dec:Feb,Sep:Nov, Mar:May, 2000-08-17, 2000-12-22, 2000-10-20, 2000-03-29,-36.7,7.4,11
CAN_PQ_Kuujuaq.719060_CWEC.epw, CAN-PQ-Kuujuaq,Kuujuaq_PQ_CAN,CAN, PQ, Kuujuaq, 5701.0, 8564.0,183.0,6.0,58.1, -68.42, 37.0, 31.8 ,8,90.1-2004 and 90.2-2004 Climate Zone,Jun:Aug, Dec:Feb,Sep:Nov, Mar:May, 2000-08-10, 2000-02-03, 2000-10-13, 2000-04-12,-37.1,10.4,10.2
CAN_PQ_La.Grande.Riviere.718270_CWEC.epw, CAN-PQ-La Grande Riviere,La Grande Riviere_PQ_CAN,CAN, PQ, La Grande Riviere, 4987.0, 7672.0,387.0,30.0,53.63, -77.7, 195.0, 35.2 ,8,90.1-2004 and 90.2-2004 Climate Zone,Jun:Aug, Dec:Feb,Sep:Nov, Mar:May, 2000-07-06, 2000-01-06, 2000-10-27, 2000-04-26,-35.6,11.3,9
CAN_PQ_Lake.Eon.714210_CWEC.epw, CAN-PQ-Lake Eon,Lake Eon_PQ_CAN,CAN, PQ, Lake Eon, 4563.0, 7255.0,383.0,32.0,51.87, -63.28, 561.0, 33.9 ,8,90.1-2004 and 90.2-2004 Climate Zone,Jun:Aug, Dec:Feb,Sep:Nov, Mar:May, 2000-06-29, 2000-12-01, 2000-10-13, 2000-04-12,-33.2,10.1,7.4
CAN_PQ_Mont.Joli.717180_CWEC.epw, CAN-PQ-Mont Joli,Mont Joli_PQ_CAN,CAN, PQ, Mont Joli, 3028.0, 5424.0,711.0,67.0,48.6, -68.22, 52.0, 30.8 ,7,90.1-2004 and 90.2-2004 Climate Zone,Jun:Aug, Dec:Feb,Sep:Nov, Mar:May, 2000-07-06, 2000-02-17, 2000-10-06, 2000-04-26,-23.9,9,11.1
CAN_PQ_Montreal.Intl.AP.716270_CWEC.epw, CAN-PQ-Montreal Int'l,Montreal Int'l_PQ_CAN,CAN, PQ, Montreal Int'l, 2409.0, 4428.0,1277.0,253.0,45.47, -73.75, 36.0, 30.2 ,6A,90.1-2004 and 90.2-2004 Climate Zone,Jun:Aug, Dec:Feb,Sep:Nov, Mar:May, 2000-06-08, 2000-02-17, 2000-10-13, 2000-04-12,-23.7,9.3,9.7
CAN_PQ_Montreal.Jean.Brebeuf.716278_CWEC.epw, CAN-PQ-Montreal Jean Brebeuf,Montreal Jean Brebeuf_PQ_CAN,CAN, PQ, Montreal Jean Brebeuf, 2675.0, 4794.0,1092.0,171.0,45.5, -73.62, 133.0, 31.2 ,6A,196-2006 Climate Zone,Jun:Aug, Dec:Feb,Sep:Nov, Mar:May, 2000-06-29, 2000-12-22, 2000-10-13, 2000-04-19,-26.0,10.4,7.3
CAN_PQ_Montreal.Mirabel.716278_CWEC.epw, CAN-PQ-Montreal Mirabel,Montreal Mirabel_PQ_CAN,CAN, PQ, Montreal Mirabel, 2675.0, 4794.0,1092.0,171.0,45.68, -74.03, 82.0, 33.4 ,6A,196-2006 Climate Zone,Jun:Aug, Dec:Feb,Sep:Nov, Mar:May, 2000-08-03, 2000-02-03, 2000-10-20, 2000-04-12,-26.0,10.4,7.3
CAN_PQ_Nitchequon.CAN270_CWEC.epw, CAN-PQ-Nitchequon,Nitchequon_PQ_CAN,CAN, PQ, Nitchequon, 4762.0, 7454.0,364.0,16.0,53.2, -70.9, 536.0, 35.8 ,8,196-2006 Climate Zone,Jun:Aug, Dec:Feb,Sep:Nov, Mar:May, 2000-08-24, 2000-01-13, 2000-10-20, 2000-03-22,-41.5,12.8,9.4
CAN_PQ_Quebec.717140_CWEC.epw, CAN-PQ-Quebec City,Quebec City_PQ_CAN,CAN, PQ, Quebec City, 2891.0, 5094.0,970.0,132.0,46.8, -71.38, 73.0, 31.0 ,6A,90.1-2004 and 90.2-2004 Climate Zone,Jun:Aug, Dec:Feb,Sep:Nov, Mar:May, 2000-08-10, 2000-02-10, 2000-10-20, 2000-04-26,-26.2,10,9.7
CAN_PQ_Riviere.du.Loup.717150_CWEC.epw, CAN-PQ-Riviere Du Loup,Riviere Du Loup_PQ_CAN,CAN, PQ, Riviere Du Loup, 3013.0, 5399.0,721.0,65.0,47.8, -69.55, 148.0, 30.1 ,7,90.1-2004 and 90.2-2004 Climate Zone,Jun:Aug, Dec:Feb,Sep:Nov, Mar:May, 2000-06-29, 2000-12-22, 2000-10-20, 2000-04-19,-24.5,8.9,7.2
CAN_PQ_Roberval.717280_CWEC.epw, CAN-PQ-Roberval,Roberval_PQ_CAN,CAN, PQ, Roberval, 3468.0, 5787.0,831.0,109.0,48.52, -72.27, 179.0, 35.6 ,7,90.1-2004 and 90.2-2004 Climate Zone,Jun:Aug, Dec:Feb,Sep:Nov, Mar:May, 2000-08-10, 2000-02-10, 2000-10-06, 2000-04-19,-30.3,9.6,9.2
CAN_PQ_Schefferville.718280_CWEC.epw, CAN-PQ-Schefferville,Schefferville_PQ_CAN,CAN, PQ, Schefferville, 5519.0, 8339.0,229.0,7.0,54.8, -66.82, 521.0, 34.6 ,8,90.1-2004 and 90.2-2004 Climate Zone,Jul:Sep, Jan:Mar,Oct:Dec, Apr:Jun, 2000-08-19, 2000-01-01, 2000-11-12, 2000-05-13,-36.9,8.9,10.1
CAN_PQ_Sept-Iles.718110_CWEC.epw, CAN-PQ-Sept-Iles,Sept-Iles_PQ_CAN,CAN, PQ, Sept-Iles, 3618.0, 6252.0,416.0,8.0,50.22, -66.27, 55.0, 30.9 ,7,90.1-2004 and 90.2-2004 Climate Zone,Jul:Sep, Jan:Mar,Oct:Dec, Apr:Jun, 2000-08-26, 2000-01-08, 2000-12-03, 2000-05-13,-28.0,7.5,10.1
CAN_PQ_Sherbrooke.716100_CWEC.epw, CAN-PQ-Sherbrooke,Sherbrooke_PQ_CAN,CAN, PQ, Sherbrooke, 2803.0, 5058.0,880.0,93.0,45.43, -71.68, 241.0, 28.2 ,7,90.1-2004 and 90.2-2004 Climate Zone,Jun:Aug, Dec:Feb,Sep:Nov, Mar:May, 2000-08-17, 2000-02-03, 2000-10-27, 2000-05-03,-28.3,11.7,8
CAN_PQ_St.Hubert.713710_CWEC.epw, CAN-PQ-St Hubert,St Hubert_PQ_CAN,CAN, PQ, St Hubert, 2497.0, 4564.0,1192.0,217.0,45.52, -73.42, 27.0, 31.2 ,6A,90.1-2004 and 90.2-2004 Climate Zone,Jun:Aug, Dec:Feb,Sep:Nov, Mar:May, 2000-07-27, 2000-01-13, 2000-10-27, 2000-04-19,-24.3,10.3,10
CAN_PQ_Ste.Agathe.des.Monts.717200_CWEC.epw, CAN-PQ-Ste Agathe Des Monts,Ste Agathe Des Monts_PQ_CAN,CAN, PQ, Ste Agathe Des Monts, 3147.0, 5501.0,763.0,76.0,46.05, -74.28, 395.0, 29.6 ,7,90.1-2004 and 90.2-2004 Climate Zone,May:Jul, Nov:Jan,Aug:Oct, Feb:Apr, 2000-05-29, 2000-11-29, 2000-09-05, 2000-03-29,-28.1,10.8,7.9
CAN_PQ_Val.d.Or.717250_CWEC.epw, CAN-PQ-Val d'Or,Val d'Or_PQ_CAN,CAN, PQ, Val d'Or, 3700.0, 6091.0,734.0,85.0,48.07, -77.78, 337.0, 35.0 ,7,90.1-2004 and 90.2-2004 Climate Zone,Jun:Aug, Dec:Feb,Sep:Nov, Mar:May, 2000-08-03, 2000-02-03, 2000-10-27, 2000-04-12,-33.2,11.1,8.4
CAN_SK_Estevan.718620_CWEC.epw, CAN-SK-Estevan,Estevan_SK_CAN,CAN, SK, Estevan, 3228.0, 5452.0,970.0,151.0,49.22, -102.97, 581.0, 35.1 ,7,90.1-2004 and 90.2-2004 Climate Zone,Jun:Aug, Dec:Feb,Sep:Nov, Mar:May, 2000-06-01, 2000-01-20, 2000-10-27, 2000-04-26,-32.7,13,11.4
CAN_SK_North.Battleford.718760_CWEC.epw, CAN-SK-North Battleford,North Battleford_SK_CAN,CAN, SK, North Battleford, 3642.0, 5978.0,782.0,77.0,52.77, -108.25, 548.0, 35.400000000000006 ,7,90.1-2004 and 90.2-2004 Climate Zone,Jul:Sep, Jan:Mar,Oct:Dec, Apr:Jun, 2000-08-05, 2000-01-15, 2000-12-24, 2000-05-27,-35.3,12.1,9.8
CAN_SK_Regina.718630_CWEC.epw, CAN-SK-Regina,Regina_SK_CAN,CAN, SK, Regina, 3436.0, 5701.0,902.0,126.0,50.43, -104.67, 577.0, 35.4 ,7,90.1-2004 and 90.2-2004 Climate Zone,May:Jul, Nov:Jan,Aug:Oct, Feb:Apr, 2000-06-05, 2000-12-06, 2000-09-26, 2000-03-29,-34.0,12.8,11.7
CAN_SK_Saskatoon.718660_CWEC.epw, CAN-SK-Saskatoon,Saskatoon_SK_CAN,CAN, SK, Saskatoon, 3558.0, 5861.0,844.0,105.0,52.17, -106.68, 504.0, 34.4 ,7,90.1-2004 and 90.2-2004 Climate Zone,Jun:Aug, Dec:Feb,Sep:Nov, Mar:May, 2000-06-08, 2000-12-15, 2000-10-27, 2000-04-12,-35.0,12.6,9.8
CAN_SK_Swift.Current.718700_CWEC.epw, CAN-SK-Swift Current,Swift Current_SK_CAN,CAN, SK, Swift Current, 2971.0, 5261.0,878.0,125.0,50.28, -107.68, 818.0, 30.799999999999997 ,7,90.1-2004 and 90.2-2004 Climate Zone,Jun:Aug, Dec:Feb,Sep:Nov, Mar:May, 2000-07-13, 2000-02-17, 2000-10-06, 2000-04-19,-30.5,12.7,11.7
CAN_YT_Whitehorse.719640_CWEC.epw, CAN-YT-Whitehorse,Whitehorse_YT_CAN,CAN, YT, Whitehorse, 4070.0, 6803.0,313.0,6.0,60.72, -135.07, 703.0, 34.5 ,7,90.1-2004 and 90.2-2004 Climate Zone,Jun:Aug, Dec:Feb,Sep:Nov, Mar:May, 2000-06-22, 2000-02-10, 2000-10-06, 2000-04-12,-40.0,11.6,9.4
SAU_Riyadh.404380_IWEC.epw, SAU---RIYADH,RIYADH_-_SAU,SAU, -, RIYADH, 6.0, 301.0,6009.0,3264.0,24.7, 46.8, 612.0, 22.4 ,1B,90.1-2004 and 90.2-2004 Climate Zone,Jun:Aug, Dec:Feb,Sep:Nov, Mar:May, 2000-06-15, 2000-02-03, 2000-10-13, 2000-03-29,5.9,13.5,8.3
USA_AK_Fairbanks.Intl.AP.702610_TMY3.epw, USA-AK-Fairbanks Intl Arpt,Fairbanks Intl Arpt_AK_USA,USA, AK, Fairbanks Intl Arpt, 5020.0, 7516.0,587.0,39.0,64.82, -147.85, 133.0, 36.2 ,8,196-2006 Climate Zone,Jun:Aug, Dec:Feb,Sep:Nov, Mar:May, 2000-06-22, 2000-01-27, 2000-10-13, 2000-04-12,-41.9,10.2,6.9
USA_AZ_Phoenix-Sky.Harbor.Intl.AP.722780_TMY3.epw, USA-AZ-Phoenix Sky Harbor Intl Ap,Phoenix Sky Harbor Intl Ap_AZ_USA,USA, AZ, Phoenix Sky Harbor Intl Ap, 17.0, 523.0,5067.0,2532.0,33.45, -111.98, 337.0, 23.900000000000002 ,1B,196-2006 Climate Zone,Jun:Aug, Dec:Feb,Sep:Nov, Mar:May, 2000-07-27, 2000-12-01, 2000-10-20, 2000-05-03,3.7,12,7.1
USA_CA_San.Francisco.Intl.AP.724940_TMY3.epw, USA-CA-San Francisco Intl Ap,San Francisco Intl Ap_CA_USA,USA, CA, San Francisco Intl Ap, 65.0, 1504.0,1681.0,79.0,37.62, -122.4, 2.0, 7.1 ,3C,196-2006 Climate Zone,Aug:Oct, Feb:Apr,Nov:Jan, May:Jul, 2000-09-05, 2000-02-15, 2000-12-06, 2000-05-29,3.8,8.5,11.5
USA_CO_Boulder-Broomfield-Jefferson.County.AP.724699_TMY3.epw, USA-CO-Broomfield Jeffco  Boulder   S,Broomfield Jeffco  Boulder   S_CO_USA,USA, CO, Broomfield Jeffco  Boulder   S, 1409.0, 3194.0,1518.0,383.0,40.13, -105.24, 1689.0, 24.6 ,5B,196-2006 Climate Zone,Jun:Aug, Dec:Feb,Sep:Nov, Mar:May, 2000-08-17, 2000-01-20, 2000-09-29, 2000-04-05,-20.1,34.5,
USA_CO_Denver.Intl.AP.725650_TMY3.epw, USA-CO-Denver Intl Ap,Denver Intl Ap_CO_USA,USA, CO, Denver Intl Ap, 1434.0, 3301.0,1606.0,432.0,39.83, -104.65, 1650.0, 23.200000000000003 ,5B,196-2006 Climate Zone,Jun:Aug, Dec:Feb,Sep:Nov, Mar:May, 2000-06-08, 2000-01-06, 2000-10-13, 2000-04-26,-17.4,15.2,10.4
USA_CO_Fort.Collins.AWOS.724769_TMY3.epw, USA-CO-Fort Collins  Awos,Fort Collins  Awos_CO_USA,USA, CO, Fort Collins  Awos, 1540.0, 3451.0,1468.0,338.0,40.45, -105.02, 1529.0, 27.1 ,5B,196-2006 Climate Zone,Jun:Aug, Dec:Feb,Sep:Nov, Mar:May, 2000-08-24, 2000-12-08, 2000-10-13, 2000-04-05,-17.7,15.7,9.4
USA_FL_Miami.Intl.AP.722020_TMY3.epw, USA-FL-Miami Intl Ap,Miami Intl Ap_FL_USA,USA, FL, Miami Intl Ap, 1.0, 72.0,5447.0,2477.0,25.82, -80.3, 11.0, 8.700000000000003 ,1A,196-2006 Climate Zone,Apr:Nov, Dec:Mar,NA, NA, 2000-06-17, 2000-01-13, NA, NA,8.7,6.7,8.4
USA_ID_Boise.Air.Terminal.726810_TMY3.epw, USA-ID-Boise Air Terminal  Uo,Boise Air Terminal  Uo_ID_USA,USA, ID, Boise Air Terminal  Uo, 1295.0, 3143.0,1687.0,494.0,43.62, -116.21, 701.0, 26.2 ,4B,196-2006 Climate Zone,Jun:Aug, Dec:Feb,Sep:Nov, Mar:May, 2000-06-22, 2000-02-17, 2000-10-06, 2000-04-19,-16.3,16.7,8.5
USA_IL_Chicago-OHare.Intl.AP.725300_TMY3.epw, USA-IL-Chicago Ohare Intl Ap,Chicago Ohare Intl Ap_IL_USA,USA, IL, Chicago Ohare Intl Ap, 1685.0, 3506.0,1689.0,468.0,41.98, -87.92, 201.0, 28.700000000000003 ,5A,196-2006 Climate Zone,Jun:Aug, Dec:Feb,Sep:Nov, Mar:May, 2000-08-24, 2000-12-22, 2000-10-27, 2000-04-26,-20.0,10.5,9.4
USA_MD_Baltimore-Washington.Intl.AP.724060_TMY3.epw, USA-MD-Baltimore Blt Washngtn IntL,Baltimore Blt Washngtn IntL_MD_USA,USA, MD, Baltimore Blt Washngtn IntL, 959.0, 2537.0,2145.0,682.0,39.17, -76.68, 45.0, 25.8 ,4A,196-2006 Climate Zone,Jun:Aug, Dec:Feb,Sep:Nov, Mar:May, 2000-06-22, 2000-02-10, 2000-10-06, 2000-04-26,-10.6,10.4,8.6
USA_MN_Duluth.Intl.AP.727450_TMY3.epw, USA-MN-Duluth International Arpt,Duluth International Arpt_MN_USA,USA, MN, Duluth International Arpt, 2976.0, 5236.0,898.0,116.0,46.83, -92.22, 433.0, 30.8 ,7,196-2006 Climate Zone,May:Jul, Nov:Jan,Aug:Oct, Feb:Apr, 2000-06-12, 2000-12-06, 2000-09-19, 2000-02-08,-28.6,10.9,9.4
USA_MT_Helena.Rgnl.AP.727720_TMY3.epw, USA-MT-Helena Regional Airport,Helena Regional Airport_MT_USA,USA, MT, Helena Regional Airport, 2137.0, 4266.0,1119.0,208.0,46.6, -111.97, 1167.0, 25.5 ,6B,196-2006 Climate Zone,Jun:Aug, Dec:Feb,Sep:Nov, Mar:May, 2000-08-10, 2000-12-22, 2000-09-29, 2000-04-26,-26.3,16.1,9.2
USA_NM_Albuquerque.Intl.AP.723650_TMY3.epw, USA-NM-Albuquerque Intl Arpt  Isis,Albuquerque Intl Arpt  Isis_NM_USA,USA, NM, Albuquerque Intl Arpt  Isis, 762.0, 2261.0,2293.0,749.0,35.04, -106.62, 1619.0, 23.5 ,4B,196-2006 Climate Zone,Jun:Aug, Dec:Feb,Sep:Nov, Mar:May, 2000-08-10, 2000-12-01, 2000-10-13, 2000-04-19,-7.9,13.5,11.1
USA_OR_Salem-McNary.Field.726940_TMY3.epw, USA-OR-Salem Mcnary Field,Salem Mcnary Field_OR_USA,USA, OR, Salem Mcnary Field, 626.0, 2542.0,1289.0,162.0,44.9, -123.0, 60.0, 15.600000000000001 ,4A,196-2006 Climate Zone,Jun:Aug, Dec:Feb,Sep:Nov, Mar:May, 2000-08-24, 2000-02-17, 2000-10-06, 2000-04-12,-5.6,15.4,8.2
USA_TN_Memphis.Intl.AP.723340_TMY3.epw, USA-TN-Memphis International Ap,Memphis International Ap_TN_USA,USA, TN, Memphis International Ap, 499.0, 1631.0,3138.0,1230.0,35.07, -89.98, 81.0, 24.200000000000003 ,3A,196-2006 Climate Zone,Jun:Aug, Dec:Feb,Sep:Nov, Mar:May, 2000-06-29, 2000-12-22, 2000-10-20, 2000-04-05,-8.3,9.2,8.2
USA_TX_El.Paso.Intl.AP.722700_TMY3.epw, USA-TX-El Paso International Ap  Ut,El Paso International Ap  Ut_TX_USA,USA, TX, El Paso International Ap  Ut, 288.0, 1370.0,3245.0,1286.0,31.77, -106.5, 1186.0, 21.099999999999998 ,3B,196-2006 Climate Zone,Jun:Aug, Dec:Feb,Sep:Nov, Mar:May, 2000-07-20, 2000-01-06, 2000-10-13, 2000-04-12,-5.2,13,9.3
USA_TX_Houston-Bush.Intercontinental.AP.722430_TMY3.epw, USA-TX-Houston Bush Intercontinental,Houston Bush Intercontinental_TX_USA,USA, TX, Houston Bush Intercontinental, 121.0, 786.0,4043.0,1667.0,30.0, -95.37, 29.0, 17.8 ,2A,196-2006 Climate Zone,Jul:Sep, Jan:Mar,Oct:Dec, Apr:Jun, 2000-07-22, 2000-03-12, 2000-11-26, 2000-05-13,-1.6,10.1,7.8
USA_VT_Burlington.Intl.AP.726170_TMY3.epw, USA-VT-Burlington International Ap,Burlington International Ap_VT_USA,USA, VT, Burlington International Ap, 2129.0, 4114.0,1330.0,276.0,44.47, -73.15, 101.0, 28.3 ,5A,196-2006 Climate Zone,Jun:Aug, Dec:Feb,Sep:Nov, Mar:May, 2000-07-27, 2000-12-22, 2000-10-13, 2000-03-29,-22.4,10.7,9.1
